Product code,Station number,Year,Month,Monthly Precipitation Total (millimetres),Quality
IDCJAC0001,011003,1876,01,14.7,Y
IDCJAC0001,011003,1876,02,0.5,Y
IDCJAC0001,011003,1876,03,122.4,Y
IDCJAC0001,011003,1876,04,10.9,Y
IDCJAC0001,011003,1876,05,61.0,Y
IDCJAC0001,011003,1876,06,9.4,Y
IDCJAC0001,011003,1876,07,23.4,Y
IDCJAC0001,011003,1876,08,10.4,Y
IDCJAC0001,011003,1876,09,8.9,Y
IDCJAC0001,011003,1876,10,10.4,Y
IDCJAC0001,011003,1876,11,14.5,Y
IDCJAC0001,011003,1876,12,1.3,Y
IDCJAC0001,011003,1877,01,2.5,Y
IDCJAC0001,011003,1877,02,20.1,Y
IDCJAC0001,011003,1877,03,1.8,Y
IDCJAC0001,011003,1877,04,205.0,Y
IDCJAC0001,011003,1877,05,41.9,Y
IDCJAC0001,011003,1877,06,16.0,Y
IDCJAC0001,011003,1877,07,23.6,Y
IDCJAC0001,011003,1877,08,3.6,Y
IDCJAC0001,011003,1877,09,4.8,Y
IDCJAC0001,011003,1877,10,2.8,Y
IDCJAC0001,011003,1877,11,4.1,Y
IDCJAC0001,011003,1877,12,23.9,Y
IDCJAC0001,011003,1878,01,0.0,Y
IDCJAC0001,011003,1878,02,3.6,Y
IDCJAC0001,011003,1878,03,17.5,Y
IDCJAC0001,011003,1878,04,8.9,Y
IDCJAC0001,011003,1878,05,18.8,Y
IDCJAC0001,011003,1878,06,26.9,Y
IDCJAC0001,011003,1878,07,25.9,Y
IDCJAC0001,011003,1878,08,8.6,Y
IDCJAC0001,011003,1878,09,16.3,Y
IDCJAC0001,011003,1878,10,17.5,Y
IDCJAC0001,011003,1878,11,3.6,Y
IDCJAC0001,011003,1878,12,14.2,Y
IDCJAC0001,011003,1879,01,2.5,Y
IDCJAC0001,011003,1879,02,1.5,Y
IDCJAC0001,011003,1879,03,16.8,Y
IDCJAC0001,011003,1879,04,19.6,Y
IDCJAC0001,011003,1879,05,23.9,Y
IDCJAC0001,011003,1879,06,16.5,Y
IDCJAC0001,011003,1879,07,54.9,Y
IDCJAC0001,011003,1879,08,60.2,Y
IDCJAC0001,011003,1879,09,23.9,Y
IDCJAC0001,011003,1879,10,4.6,Y
IDCJAC0001,011003,1879,11,53.3,Y
IDCJAC0001,011003,1879,12,2.5,Y
IDCJAC0001,011003,1880,01,3.3,Y
IDCJAC0001,011003,1880,02,1.3,Y
IDCJAC0001,011003,1880,03,85.6,Y
IDCJAC0001,011003,1880,04,14.0,Y
IDCJAC0001,011003,1880,05,34.5,Y
IDCJAC0001,011003,1880,06,1.8,Y
IDCJAC0001,011003,1880,07,11.7,Y
IDCJAC0001,011003,1880,08,15.0,Y
IDCJAC0001,011003,1880,09,13.2,Y
IDCJAC0001,011003,1880,10,14.0,Y
IDCJAC0001,011003,1880,11,15.2,Y
IDCJAC0001,011003,1880,12,7.9,Y
IDCJAC0001,011003,1881,01,44.2,Y
IDCJAC0001,011003,1881,02,0.8,Y
IDCJAC0001,011003,1881,03,1.3,Y
IDCJAC0001,011003,1881,04,6.9,Y
IDCJAC0001,011003,1881,05,18.8,Y
IDCJAC0001,011003,1881,06,32.0,Y
IDCJAC0001,011003,1881,07,7.1,Y
IDCJAC0001,011003,1881,08,27.4,Y
IDCJAC0001,011003,1881,09,10.9,Y
IDCJAC0001,011003,1881,10,24.4,Y
IDCJAC0001,011003,1881,11,4.1,Y
IDCJAC0001,011003,1881,12,32.0,Y
IDCJAC0001,011003,1882,01,49.3,Y
IDCJAC0001,011003,1882,02,0.0,Y
IDCJAC0001,011003,1882,03,23.1,Y
IDCJAC0001,011003,1882,04,56.1,Y
IDCJAC0001,011003,1882,05,44.2,Y
IDCJAC0001,011003,1882,06,32.5,Y
IDCJAC0001,011003,1882,07,3.8,Y
IDCJAC0001,011003,1882,08,28.4,Y
IDCJAC0001,011003,1882,09,2.3,Y
IDCJAC0001,011003,1882,10,37.6,Y
IDCJAC0001,011003,1882,11,24.6,Y
IDCJAC0001,011003,1882,12,6.1,Y
IDCJAC0001,011003,1883,01,26.4,Y
IDCJAC0001,011003,1883,02,2.3,Y
IDCJAC0001,011003,1883,03,7.9,Y
IDCJAC0001,011003,1883,04,5.1,Y
IDCJAC0001,011003,1883,05,25.4,Y
IDCJAC0001,011003,1883,06,25.7,Y
IDCJAC0001,011003,1883,07,32.3,Y
IDCJAC0001,011003,1883,08,19.8,Y
IDCJAC0001,011003,1883,09,27.9,Y
IDCJAC0001,011003,1883,10,14.0,Y
IDCJAC0001,011003,1883,11,21.1,Y
IDCJAC0001,011003,1883,12,2.3,Y
IDCJAC0001,011003,1884,01,41.1,Y
IDCJAC0001,011003,1884,02,14.7,Y
IDCJAC0001,011003,1884,03,33.0,Y
IDCJAC0001,011003,1884,04,23.6,Y
IDCJAC0001,011003,1884,05,31.0,Y
IDCJAC0001,011003,1884,06,17.5,Y
IDCJAC0001,011003,1884,07,22.1,Y
IDCJAC0001,011003,1884,08,7.1,Y
IDCJAC0001,011003,1884,09,19.1,Y
IDCJAC0001,011003,1884,10,18.5,Y
IDCJAC0001,011003,1884,11,15.2,Y
IDCJAC0001,011003,1884,12,16.0,Y
IDCJAC0001,011003,1885,01,0.0,Y
IDCJAC0001,011003,1885,02,28.7,Y
IDCJAC0001,011003,1885,03,14.5,Y
IDCJAC0001,011003,1885,04,58.9,Y
IDCJAC0001,011003,1885,05,31.8,Y
IDCJAC0001,011003,1885,06,22.6,Y
IDCJAC0001,011003,1885,07,20.3,Y
IDCJAC0001,011003,1885,08,6.1,Y
IDCJAC0001,011003,1885,09,36.1,Y
IDCJAC0001,011003,1885,10,11.4,Y
IDCJAC0001,011003,1885,11,21.6,Y
IDCJAC0001,011003,1885,12,2.0,Y
IDCJAC0001,011003,1886,01,61.0,Y
IDCJAC0001,011003,1886,02,2.3,Y
IDCJAC0001,011003,1886,03,1.5,Y
IDCJAC0001,011003,1886,04,35.1,Y
IDCJAC0001,011003,1886,05,13.2,Y
IDCJAC0001,011003,1886,06,25.7,Y
IDCJAC0001,011003,1886,07,48.8,Y
IDCJAC0001,011003,1886,08,45.2,Y
IDCJAC0001,011003,1886,09,21.1,Y
IDCJAC0001,011003,1886,10,17.5,Y
IDCJAC0001,011003,1886,11,5.8,Y
IDCJAC0001,011003,1886,12,4.6,Y
IDCJAC0001,011003,1887,01,30.2,Y
IDCJAC0001,011003,1887,02,6.1,Y
IDCJAC0001,011003,1887,03,1.0,Y
IDCJAC0001,011003,1887,04,46.7,Y
IDCJAC0001,011003,1887,05,32.5,Y
IDCJAC0001,011003,1887,06,60.7,Y
IDCJAC0001,011003,1887,07,7.4,Y
IDCJAC0001,011003,1887,08,14.2,Y
IDCJAC0001,011003,1887,09,6.4,Y
IDCJAC0001,011003,1887,10,3.3,Y
IDCJAC0001,011003,1887,11,35.8,Y
IDCJAC0001,011003,1887,12,15.5,Y
IDCJAC0001,011003,1888,01,55.1,Y
IDCJAC0001,011003,1888,02,1.3,Y
IDCJAC0001,011003,1888,03,0.8,Y
IDCJAC0001,011003,1888,04,2.3,Y
IDCJAC0001,011003,1888,05,5.8,Y
IDCJAC0001,011003,1888,06,24.9,Y
IDCJAC0001,011003,1888,07,18.0,Y
IDCJAC0001,011003,1888,08,34.8,Y
IDCJAC0001,011003,1888,09,8.4,Y
IDCJAC0001,011003,1888,10,16.5,Y
IDCJAC0001,011003,1888,11,2.5,Y
IDCJAC0001,011003,1888,12,1.5,Y
IDCJAC0001,011003,1889,01,11.2,Y
IDCJAC0001,011003,1889,02,3.0,Y
IDCJAC0001,011003,1889,03,35.8,Y
IDCJAC0001,011003,1889,04,26.4,Y
IDCJAC0001,011003,1889,05,32.3,Y
IDCJAC0001,011003,1889,06,72.6,Y
IDCJAC0001,011003,1889,07,12.4,Y
IDCJAC0001,011003,1889,08,19.1,Y
IDCJAC0001,011003,1889,09,22.1,Y
IDCJAC0001,011003,1889,10,6.4,Y
IDCJAC0001,011003,1889,11,10.9,Y
IDCJAC0001,011003,1889,12,3.6,Y
IDCJAC0001,011003,1890,01,0.8,Y
IDCJAC0001,011003,1890,02,4.1,Y
IDCJAC0001,011003,1890,03,2.0,Y
IDCJAC0001,011003,1890,04,31.2,Y
IDCJAC0001,011003,1890,05,27.9,Y
IDCJAC0001,011003,1890,06,32.3,Y
IDCJAC0001,011003,1890,07,38.6,Y
IDCJAC0001,011003,1890,08,7.6,Y
IDCJAC0001,011003,1890,09,7.1,Y
IDCJAC0001,011003,1890,10,24.6,Y
IDCJAC0001,011003,1890,11,15.0,Y
IDCJAC0001,011003,1890,12,1.0,Y
IDCJAC0001,011003,1891,01,2.5,Y
IDCJAC0001,011003,1891,02,0.3,Y
IDCJAC0001,011003,1891,03,3.6,Y
IDCJAC0001,011003,1891,04,15.2,Y
IDCJAC0001,011003,1891,05,50.3,Y
IDCJAC0001,011003,1891,06,62.0,Y
IDCJAC0001,011003,1891,07,35.1,Y
IDCJAC0001,011003,1891,08,10.9,Y
IDCJAC0001,011003,1891,09,35.1,Y
IDCJAC0001,011003,1891,10,28.2,Y
IDCJAC0001,011003,1891,11,3.3,Y
IDCJAC0001,011003,1891,12,3.3,Y
IDCJAC0001,011003,1892,01,6.1,Y
IDCJAC0001,011003,1892,02,3.8,Y
IDCJAC0001,011003,1892,03,45.7,Y
IDCJAC0001,011003,1892,04,25.1,Y
IDCJAC0001,011003,1892,05,16.0,Y
IDCJAC0001,011003,1892,06,17.0,Y
IDCJAC0001,011003,1892,07,27.7,Y
IDCJAC0001,011003,1892,08,59.4,Y
IDCJAC0001,011003,1892,09,47.2,Y
IDCJAC0001,011003,1892,10,51.6,Y
IDCJAC0001,011003,1892,11,11.2,Y
IDCJAC0001,011003,1892,12,23.6,Y
IDCJAC0001,011003,1893,01,51.1,Y
IDCJAC0001,011003,1893,02,0.3,Y
IDCJAC0001,011003,1893,03,6.9,Y
IDCJAC0001,011003,1893,04,20.6,Y
IDCJAC0001,011003,1893,05,28.2,Y
IDCJAC0001,011003,1893,06,43.2,Y
IDCJAC0001,011003,1893,07,39.6,Y
IDCJAC0001,011003,1893,08,20.8,Y
IDCJAC0001,011003,1893,09,10.9,Y
IDCJAC0001,011003,1893,10,10.2,Y
IDCJAC0001,011003,1893,11,113.5,Y
IDCJAC0001,011003,1893,12,8.4,Y
IDCJAC0001,011003,1894,01,5.3,Y
IDCJAC0001,011003,1894,02,0.8,Y
IDCJAC0001,011003,1894,03,12.7,Y
IDCJAC0001,011003,1894,04,2.5,Y
IDCJAC0001,011003,1894,05,24.4,Y
IDCJAC0001,011003,1894,06,4.6,Y
IDCJAC0001,011003,1894,07,36.1,Y
IDCJAC0001,011003,1894,08,23.1,Y
IDCJAC0001,011003,1894,09,11.7,Y
IDCJAC0001,011003,1894,10,9.4,Y
IDCJAC0001,011003,1894,11,1.3,Y
IDCJAC0001,011003,1894,12,4.1,Y
IDCJAC0001,011003,1895,01,32.5,Y
IDCJAC0001,011003,1895,02,1.8,Y
IDCJAC0001,011003,1895,03,2.3,Y
IDCJAC0001,011003,1895,04,108.5,Y
IDCJAC0001,011003,1895,05,19.3,Y
IDCJAC0001,011003,1895,06,7.9,Y
IDCJAC0001,011003,1895,07,5.6,Y
IDCJAC0001,011003,1895,08,1.8,Y
IDCJAC0001,011003,1895,09,26.7,Y
IDCJAC0001,011003,1895,10,2.3,Y
IDCJAC0001,011003,1895,11,5.6,Y
IDCJAC0001,011003,1895,12,0.0,Y
IDCJAC0001,011003,1896,01,40.1,Y
IDCJAC0001,011003,1896,02,172.7,Y
IDCJAC0001,011003,1896,03,35.6,Y
IDCJAC0001,011003,1896,04,8.9,Y
IDCJAC0001,011003,1896,05,46.5,Y
IDCJAC0001,011003,1896,06,3.0,Y
IDCJAC0001,011003,1896,07,29.7,Y
IDCJAC0001,011003,1896,08,13.2,Y
IDCJAC0001,011003,1896,09,6.4,Y
IDCJAC0001,011003,1896,10,6.1,Y
IDCJAC0001,011003,1896,11,4.8,Y
IDCJAC0001,011003,1896,12,10.2,Y
IDCJAC0001,011003,1897,01,0.3,Y
IDCJAC0001,011003,1897,02,23.9,Y
IDCJAC0001,011003,1897,03,6.1,Y
IDCJAC0001,011003,1897,04,19.3,Y
IDCJAC0001,011003,1897,05,6.9,Y
IDCJAC0001,011003,1897,06,32.0,Y
IDCJAC0001,011003,1897,07,7.9,Y
IDCJAC0001,011003,1897,08,19.3,Y
IDCJAC0001,011003,1897,09,8.9,Y
IDCJAC0001,011003,1897,10,5.3,Y
IDCJAC0001,011003,1897,11,0.0,Y
IDCJAC0001,011003,1897,12,6.6,Y
IDCJAC0001,011003,1898,01,0.8,Y
IDCJAC0001,011003,1898,02,26.9,Y
IDCJAC0001,011003,1898,03,4.6,Y
IDCJAC0001,011003,1898,04,22.1,Y
IDCJAC0001,011003,1898,05,21.8,Y
IDCJAC0001,011003,1898,06,83.3,Y
IDCJAC0001,011003,1898,07,7.9,Y
IDCJAC0001,011003,1898,08,10.4,Y
IDCJAC0001,011003,1898,09,0.5,Y
IDCJAC0001,011003,1898,10,15.2,Y
IDCJAC0001,011003,1898,11,6.6,Y
IDCJAC0001,011003,1898,12,2.0,Y
IDCJAC0001,011003,1899,01,27.9,Y
IDCJAC0001,011003,1899,02,14.0,Y
IDCJAC0001,011003,1899,03,17.0,Y
IDCJAC0001,011003,1899,04,1.0,Y
IDCJAC0001,011003,1899,05,31.8,Y
IDCJAC0001,011003,1899,06,27.9,Y
IDCJAC0001,011003,1899,07,17.8,Y
IDCJAC0001,011003,1899,08,38.9,Y
IDCJAC0001,011003,1899,09,84.6,Y
IDCJAC0001,011003,1899,10,2.5,Y
IDCJAC0001,011003,1899,11,9.7,Y
IDCJAC0001,011003,1899,12,0.0,Y
IDCJAC0001,011003,1900,01,1.0,Y
IDCJAC0001,011003,1900,02,2.0,Y
IDCJAC0001,011003,1900,03,126.2,Y
IDCJAC0001,011003,1900,04,32.8,Y
IDCJAC0001,011003,1900,05,50.0,Y
IDCJAC0001,011003,1900,06,48.0,Y
IDCJAC0001,011003,1900,07,53.1,Y
IDCJAC0001,011003,1900,08,34.0,Y
IDCJAC0001,011003,1900,09,58.4,Y
IDCJAC0001,011003,1900,10,6.4,Y
IDCJAC0001,011003,1900,11,10.9,Y
IDCJAC0001,011003,1900,12,10.2,Y
IDCJAC0001,011003,1901,01,0.3,Y
IDCJAC0001,011003,1901,02,30.5,Y
IDCJAC0001,011003,1901,03,10.4,Y
IDCJAC0001,011003,1901,04,25.9,Y
IDCJAC0001,011003,1901,05,29.0,Y
IDCJAC0001,011003,1901,06,17.8,Y
IDCJAC0001,011003,1901,07,32.0,Y
IDCJAC0001,011003,1901,08,49.3,Y
IDCJAC0001,011003,1901,09,44.5,Y
IDCJAC0001,011003,1901,10,27.9,Y
IDCJAC0001,011003,1901,11,16.3,Y
IDCJAC0001,011003,1901,12,21.6,Y
IDCJAC0001,011003,1902,01,29.2,Y
IDCJAC0001,011003,1902,02,8.6,Y
IDCJAC0001,011003,1902,03,9.1,Y
IDCJAC0001,011003,1902,04,9.7,Y
IDCJAC0001,011003,1902,05,45.0,Y
IDCJAC0001,011003,1902,06,40.9,Y
IDCJAC0001,011003,1902,07,6.9,Y
IDCJAC0001,011003,1902,08,11.9,Y
IDCJAC0001,011003,1902,09,32.5,Y
IDCJAC0001,011003,1902,10,29.0,Y
IDCJAC0001,011003,1902,11,25.9,Y
IDCJAC0001,011003,1902,12,79.2,Y
IDCJAC0001,011003,1903,01,5.6,Y
IDCJAC0001,011003,1903,02,2.3,Y
IDCJAC0001,011003,1903,03,21.3,Y
IDCJAC0001,011003,1903,04,94.7,Y
IDCJAC0001,011003,1903,05,24.9,Y
IDCJAC0001,011003,1903,06,18.8,Y
IDCJAC0001,011003,1903,07,23.4,Y
IDCJAC0001,011003,1903,08,14.2,Y
IDCJAC0001,011003,1903,09,14.7,Y
IDCJAC0001,011003,1903,10,19.8,Y
IDCJAC0001,011003,1903,11,0.5,Y
IDCJAC0001,011003,1903,12,33.5,Y
IDCJAC0001,011003,1904,01,0.8,Y
IDCJAC0001,011003,1904,02,24.9,Y
IDCJAC0001,011003,1904,03,20.3,Y
IDCJAC0001,011003,1904,04,34.8,Y
IDCJAC0001,011003,1904,05,88.6,Y
IDCJAC0001,011003,1904,06,41.1,Y
IDCJAC0001,011003,1904,07,23.1,Y
IDCJAC0001,011003,1904,08,13.0,Y
IDCJAC0001,011003,1904,09,18.5,Y
IDCJAC0001,011003,1904,10,73.9,Y
IDCJAC0001,011003,1904,11,4.1,Y
IDCJAC0001,011003,1904,12,0.0,Y
IDCJAC0001,011003,1905,01,6.4,Y
IDCJAC0001,011003,1905,02,4.1,Y
IDCJAC0001,011003,1905,03,5.3,Y
IDCJAC0001,011003,1905,04,19.8,Y
IDCJAC0001,011003,1905,05,19.8,Y
IDCJAC0001,011003,1905,06,13.7,Y
IDCJAC0001,011003,1905,07,5.8,Y
IDCJAC0001,011003,1905,08,18.3,Y
IDCJAC0001,011003,1905,09,13.2,Y
IDCJAC0001,011003,1905,10,2.5,Y
IDCJAC0001,011003,1905,11,1.8,Y
IDCJAC0001,011003,1905,12,1.5,Y
IDCJAC0001,011003,1906,01,53.6,Y
IDCJAC0001,011003,1906,02,1.5,Y
IDCJAC0001,011003,1906,03,0.8,Y
IDCJAC0001,011003,1906,04,0.0,Y
IDCJAC0001,011003,1906,05,38.4,Y
IDCJAC0001,011003,1906,06,22.1,Y
IDCJAC0001,011003,1906,07,33.3,Y
IDCJAC0001,011003,1906,08,45.2,Y
IDCJAC0001,011003,1906,09,3.8,Y
IDCJAC0001,011003,1906,10,12.7,Y
IDCJAC0001,011003,1906,11,50.8,Y
IDCJAC0001,011003,1906,12,9.9,Y
IDCJAC0001,011003,1907,01,8.1,Y
IDCJAC0001,011003,1907,02,0.3,Y
IDCJAC0001,011003,1907,03,30.2,Y
IDCJAC0001,011003,1907,04,17.3,Y
IDCJAC0001,011003,1907,05,13.0,Y
IDCJAC0001,011003,1907,06,19.8,Y
IDCJAC0001,011003,1907,07,9.4,Y
IDCJAC0001,011003,1907,08,20.6,Y
IDCJAC0001,011003,1907,09,5.3,Y
IDCJAC0001,011003,1907,10,5.8,Y
IDCJAC0001,011003,1907,11,43.7,Y
IDCJAC0001,011003,1907,12,0.5,Y
IDCJAC0001,011003,1908,01,0.0,Y
IDCJAC0001,011003,1908,02,54.1,Y
IDCJAC0001,011003,1908,03,33.0,Y
IDCJAC0001,011003,1908,04,39.4,Y
IDCJAC0001,011003,1908,05,18.0,Y
IDCJAC0001,011003,1908,06,49.0,Y
IDCJAC0001,011003,1908,07,11.6,Y
IDCJAC0001,011003,1908,08,44.6,Y
IDCJAC0001,011003,1908,09,18.7,Y
IDCJAC0001,011003,1908,10,24.8,Y
IDCJAC0001,011003,1908,11,0.3,Y
IDCJAC0001,011003,1908,12,3.8,Y
IDCJAC0001,011003,1909,01,2.0,Y
IDCJAC0001,011003,1909,02,9.2,Y
IDCJAC0001,011003,1909,03,13.9,Y
IDCJAC0001,011003,1909,04,27.0,Y
IDCJAC0001,011003,1909,05,53.2,Y
IDCJAC0001,011003,1909,06,36.1,Y
IDCJAC0001,011003,1909,07,27.2,Y
IDCJAC0001,011003,1909,08,79.0,Y
IDCJAC0001,011003,1909,09,2.3,Y
IDCJAC0001,011003,1909,10,25.1,Y
IDCJAC0001,011003,1909,11,15.0,Y
IDCJAC0001,011003,1909,12,0.0,Y
IDCJAC0001,011003,1910,01,0.0,Y
IDCJAC0001,011003,1910,02,0.3,Y
IDCJAC0001,011003,1910,03,13.3,Y
IDCJAC0001,011003,1910,04,1.0,Y
IDCJAC0001,011003,1910,05,38.8,Y
IDCJAC0001,011003,1910,06,2.8,Y
IDCJAC0001,011003,1910,07,23.8,Y
IDCJAC0001,011003,1910,08,25.1,Y
IDCJAC0001,011003,1910,09,19.1,Y
IDCJAC0001,011003,1910,10,28.8,Y
IDCJAC0001,011003,1910,11,44.7,Y
IDCJAC0001,011003,1910,12,2.1,Y
IDCJAC0001,011003,1911,01,3.6,Y
IDCJAC0001,011003,1911,02,13.1,Y
IDCJAC0001,011003,1911,03,1.6,Y
IDCJAC0001,011003,1911,04,0.8,Y
IDCJAC0001,011003,1911,05,34.4,Y
IDCJAC0001,011003,1911,06,39.3,Y
IDCJAC0001,011003,1911,07,16.9,Y
IDCJAC0001,011003,1911,08,34.9,Y
IDCJAC0001,011003,1911,09,13.6,Y
IDCJAC0001,011003,1911,10,19.3,Y
IDCJAC0001,011003,1911,11,0.0,Y
IDCJAC0001,011003,1911,12,13.4,Y
IDCJAC0001,011003,1912,01,0.0,Y
IDCJAC0001,011003,1912,02,13.5,Y
IDCJAC0001,011003,1912,03,127.4,Y
IDCJAC0001,011003,1912,04,47.0,Y
IDCJAC0001,011003,1912,05,21.6,Y
IDCJAC0001,011003,1912,06,31.3,Y
IDCJAC0001,011003,1912,07,19.0,Y
IDCJAC0001,011003,1912,08,6.9,Y
IDCJAC0001,011003,1912,09,12.4,Y
IDCJAC0001,011003,1912,10,5.2,Y
IDCJAC0001,011003,1912,11,40.9,Y
IDCJAC0001,011003,1912,12,0.8,Y
IDCJAC0001,011003,1913,01,4.0,Y
IDCJAC0001,011003,1913,02,51.1,Y
IDCJAC0001,011003,1913,03,1.8,Y
IDCJAC0001,011003,1913,04,1.6,Y
IDCJAC0001,011003,1913,05,36.3,Y
IDCJAC0001,011003,1913,06,8.7,Y
IDCJAC0001,011003,1913,07,12.5,Y
IDCJAC0001,011003,1913,08,10.2,Y
IDCJAC0001,011003,1913,09,16.5,Y
IDCJAC0001,011003,1913,10,23.0,Y
IDCJAC0001,011003,1913,11,0.8,Y
IDCJAC0001,011003,1913,12,1.8,Y
IDCJAC0001,011003,1914,01,0.0,Y
IDCJAC0001,011003,1914,02,8.4,Y
IDCJAC0001,011003,1914,03,13.2,Y
IDCJAC0001,011003,1914,04,8.4,Y
IDCJAC0001,011003,1914,05,13.7,Y
IDCJAC0001,011003,1914,06,15.3,Y
IDCJAC0001,011003,1914,07,42.8,Y
IDCJAC0001,011003,1914,08,22.2,Y
IDCJAC0001,011003,1914,09,12.8,Y
IDCJAC0001,011003,1914,10,7.3,Y
IDCJAC0001,011003,1914,11,66.8,Y
IDCJAC0001,011003,1914,12,18.1,Y
IDCJAC0001,011003,1915,01,13.7,Y
IDCJAC0001,011003,1915,02,50.2,Y
IDCJAC0001,011003,1915,03,6.9,Y
IDCJAC0001,011003,1915,04,14.5,Y
IDCJAC0001,011003,1915,05,37.7,Y
IDCJAC0001,011003,1915,06,15.8,Y
IDCJAC0001,011003,1915,07,14.0,Y
IDCJAC0001,011003,1915,08,25.7,Y
IDCJAC0001,011003,1915,09,13.4,Y
IDCJAC0001,011003,1915,10,2.5,Y
IDCJAC0001,011003,1915,11,1.5,Y
IDCJAC0001,011003,1915,12,4.6,Y
IDCJAC0001,011003,1916,01,19.5,Y
IDCJAC0001,011003,1916,02,5.4,Y
IDCJAC0001,011003,1916,03,1.3,Y
IDCJAC0001,011003,1916,04,13.0,Y
IDCJAC0001,011003,1916,05,17.8,Y
IDCJAC0001,011003,1916,06,30.5,Y
IDCJAC0001,011003,1916,07,62.3,Y
IDCJAC0001,011003,1916,08,39.5,Y
IDCJAC0001,011003,1916,09,20.1,Y
IDCJAC0001,011003,1916,10,50.4,Y
IDCJAC0001,011003,1916,11,14.4,Y
IDCJAC0001,011003,1916,12,4.6,Y
IDCJAC0001,011003,1917,01,11.9,Y
IDCJAC0001,011003,1917,02,7.1,Y
IDCJAC0001,011003,1917,03,33.8,Y
IDCJAC0001,011003,1917,04,40.6,Y
IDCJAC0001,011003,1917,05,50.5,Y
IDCJAC0001,011003,1917,06,33.8,Y
IDCJAC0001,011003,1917,07,19.1,Y
IDCJAC0001,011003,1917,08,23.3,Y
IDCJAC0001,011003,1917,09,22.3,Y
IDCJAC0001,011003,1917,10,19.9,Y
IDCJAC0001,011003,1917,11,27.7,Y
IDCJAC0001,011003,1917,12,34.6,Y
IDCJAC0001,011003,1918,01,3.8,Y
IDCJAC0001,011003,1918,02,56.9,Y
IDCJAC0001,011003,1918,03,14.4,Y
IDCJAC0001,011003,1918,04,3.1,Y
IDCJAC0001,011003,1918,05,38.9,Y
IDCJAC0001,011003,1918,06,11.9,Y
IDCJAC0001,011003,1918,07,29.3,Y
IDCJAC0001,011003,1918,08,37.3,Y
IDCJAC0001,011003,1918,09,4.8,Y
IDCJAC0001,011003,1918,10,13.7,Y
IDCJAC0001,011003,1918,11,18.6,Y
IDCJAC0001,011003,1918,12,8.9,Y
IDCJAC0001,011003,1919,01,13.5,Y
IDCJAC0001,011003,1919,02,38.1,Y
IDCJAC0001,011003,1919,03,5.1,Y
IDCJAC0001,011003,1919,04,21.8,Y
IDCJAC0001,011003,1919,05,46.3,Y
IDCJAC0001,011003,1919,06,8.7,Y
IDCJAC0001,011003,1919,07,6.0,Y
IDCJAC0001,011003,1919,08,15.0,Y
IDCJAC0001,011003,1919,09,31.2,Y
IDCJAC0001,011003,1919,10,33.7,Y
IDCJAC0001,011003,1919,11,22.4,Y
IDCJAC0001,011003,1919,12,30.7,Y
IDCJAC0001,011003,1920,01,2.3,Y
IDCJAC0001,011003,1920,02,0.0,Y
IDCJAC0001,011003,1920,03,3.3,Y
IDCJAC0001,011003,1920,04,31.0,Y
IDCJAC0001,011003,1920,05,24.3,Y
IDCJAC0001,011003,1920,06,33.6,Y
IDCJAC0001,011003,1920,07,22.6,Y
IDCJAC0001,011003,1920,08,22.7,Y
IDCJAC0001,011003,1920,09,35.6,Y
IDCJAC0001,011003,1920,10,37.7,Y
IDCJAC0001,011003,1920,11,11.9,Y
IDCJAC0001,011003,1920,12,1.8,Y
IDCJAC0001,011003,1921,01,1.8,Y
IDCJAC0001,011003,1921,02,1.0,Y
IDCJAC0001,011003,1921,03,6.1,Y
IDCJAC0001,011003,1921,04,7.6,Y
IDCJAC0001,011003,1921,05,72.0,Y
IDCJAC0001,011003,1921,06,35.9,Y
IDCJAC0001,011003,1921,07,2.8,Y
IDCJAC0001,011003,1921,08,20.2,Y
IDCJAC0001,011003,1921,09,14.5,Y
IDCJAC0001,011003,1921,10,13.1,Y
IDCJAC0001,011003,1921,11,16.0,Y
IDCJAC0001,011003,1921,12,53.3,Y
IDCJAC0001,011003,1922,01,14.7,Y
IDCJAC0001,011003,1922,02,2.8,Y
IDCJAC0001,011003,1922,03,6.1,Y
IDCJAC0001,011003,1922,04,58.4,Y
IDCJAC0001,011003,1922,05,24.0,Y
IDCJAC0001,011003,1922,06,42.6,Y
IDCJAC0001,011003,1922,07,29.5,Y
IDCJAC0001,011003,1922,08,9.0,Y
IDCJAC0001,011003,1922,09,11.8,Y
IDCJAC0001,011003,1922,10,3.0,Y
IDCJAC0001,011003,1922,11,10.2,Y
IDCJAC0001,011003,1922,12,41.2,Y
IDCJAC0001,011003,1923,01,17.5,Y
IDCJAC0001,011003,1923,02,3.1,Y
IDCJAC0001,011003,1923,03,0.8,Y
IDCJAC0001,011003,1923,04,5.9,Y
IDCJAC0001,011003,1923,05,6.1,Y
IDCJAC0001,011003,1923,06,25.7,Y
IDCJAC0001,011003,1923,07,21.4,Y
IDCJAC0001,011003,1923,08,32.3,Y
IDCJAC0001,011003,1923,09,10.7,Y
IDCJAC0001,011003,1923,10,5.1,Y
IDCJAC0001,011003,1923,11,0.5,Y
IDCJAC0001,011003,1923,12,79.9,Y
IDCJAC0001,011003,1924,01,2.0,Y
IDCJAC0001,011003,1924,02,13.7,Y
IDCJAC0001,011003,1924,03,14.2,Y
IDCJAC0001,011003,1924,04,0.0,Y
IDCJAC0001,011003,1924,05,11.5,Y
IDCJAC0001,011003,1924,06,21.4,Y
IDCJAC0001,011003,1924,07,10.9,Y
IDCJAC0001,011003,1924,08,5.6,Y
IDCJAC0001,011003,1924,09,64.6,Y
IDCJAC0001,011003,1924,10,14.0,Y
IDCJAC0001,011003,1924,11,1.6,Y
IDCJAC0001,011003,1924,12,11.7,Y
IDCJAC0001,011003,1925,01,69.3,Y
IDCJAC0001,011003,1925,02,33.9,Y
IDCJAC0001,011003,1925,03,4.1,Y
IDCJAC0001,011003,1925,04,14.9,Y
IDCJAC0001,011003,1925,05,77.1,Y
IDCJAC0001,011003,1925,06,11.7,Y
IDCJAC0001,011003,1925,07,30.9,Y
IDCJAC0001,011003,1925,08,22.2,Y
IDCJAC0001,011003,1925,09,18.8,Y
IDCJAC0001,011003,1925,10,24.4,Y
IDCJAC0001,011003,1925,11,10.4,Y
IDCJAC0001,011003,1925,12,0.0,Y
IDCJAC0001,011003,1926,01,1.1,Y
IDCJAC0001,011003,1926,02,1.5,Y
IDCJAC0001,011003,1926,03,62.8,Y
IDCJAC0001,011003,1926,04,5.9,Y
IDCJAC0001,011003,1926,05,37.2,Y
IDCJAC0001,011003,1926,06,23.1,Y
IDCJAC0001,011003,1926,07,10.3,Y
IDCJAC0001,011003,1926,08,10.4,Y
IDCJAC0001,011003,1926,09,2.7,Y
IDCJAC0001,011003,1926,10,1.3,Y
IDCJAC0001,011003,1926,11,4.4,Y
IDCJAC0001,011003,1926,12,10.7,Y
IDCJAC0001,011003,1927,01,5.8,Y
IDCJAC0001,011003,1927,02,25.5,Y
IDCJAC0001,011003,1927,03,44.2,Y
IDCJAC0001,011003,1927,04,0.5,Y
IDCJAC0001,011003,1927,05,22.7,Y
IDCJAC0001,011003,1927,11,11.2,Y
IDCJAC0001,011003,1927,12,1.5,Y
IDCJAC0001,011003,1929,10,0.0,Y
IDCJAC0001,011003,1929,11,33.2,Y
IDCJAC0001,011003,1929,12,4.1,Y
IDCJAC0001,011003,1930,01,0.0,Y
IDCJAC0001,011003,1930,02,148.1,Y
IDCJAC0001,011003,1930,03,13.2,Y
IDCJAC0001,011003,1930,04,26.0,Y
IDCJAC0001,011003,1930,05,42.0,Y
IDCJAC0001,011003,1930,06,8.6,Y
IDCJAC0001,011003,1930,07,11.7,Y
IDCJAC0001,011003,1930,08,41.9,Y
IDCJAC0001,011003,1930,09,4.8,Y
IDCJAC0001,011003,1930,10,43.6,Y
IDCJAC0001,011003,1930,11,4.3,Y
IDCJAC0001,011003,1930,12,17.1,Y
IDCJAC0001,011003,1931,01,2.3,Y
IDCJAC0001,011003,1931,02,2.0,Y
IDCJAC0001,011003,1931,03,57.1,Y
IDCJAC0001,011003,1931,04,4.6,Y
IDCJAC0001,011003,1931,05,56.0,Y
IDCJAC0001,011003,1931,06,62.4,Y
IDCJAC0001,011003,1931,07,13.9,Y
IDCJAC0001,011003,1931,08,17.5,Y
IDCJAC0001,011003,1931,09,11.2,Y
IDCJAC0001,011003,1931,10,7.0,Y
IDCJAC0001,011003,1931,11,13.7,Y
IDCJAC0001,011003,1931,12,0.0,Y
IDCJAC0001,011003,1932,01,1.6,Y
IDCJAC0001,011003,1932,02,26.2,Y
IDCJAC0001,011003,1932,03,4.3,Y
IDCJAC0001,011003,1932,04,49.3,Y
IDCJAC0001,011003,1932,05,18.1,Y
IDCJAC0001,011003,1932,06,20.6,Y
IDCJAC0001,011003,1932,07,12.8,Y
IDCJAC0001,011003,1932,08,54.7,Y
IDCJAC0001,011003,1932,09,37.9,Y
IDCJAC0001,011003,1932,10,19.6,Y
IDCJAC0001,011003,1932,11,0.3,Y
IDCJAC0001,011003,1932,12,16.7,Y
IDCJAC0001,011003,1933,01,6.1,Y
IDCJAC0001,011003,1933,02,1.8,Y
IDCJAC0001,011003,1933,03,5.8,Y
IDCJAC0001,011003,1933,04,25.2,Y
IDCJAC0001,011003,1933,05,46.3,Y
IDCJAC0001,011003,1933,06,25.8,Y
IDCJAC0001,011003,1933,07,24.4,Y
IDCJAC0001,011003,1933,08,19.3,Y
IDCJAC0001,011003,1933,09,6.6,Y
IDCJAC0001,011003,1933,10,9.7,Y
IDCJAC0001,011003,1933,11,35.5,Y
IDCJAC0001,011003,1933,12,10.3,Y
IDCJAC0001,011003,1934,01,4.7,Y
IDCJAC0001,011003,1934,02,3.6,Y
IDCJAC0001,011003,1934,03,69.4,Y
IDCJAC0001,011003,1934,04,77.0,Y
IDCJAC0001,011003,1934,05,0.0,Y
IDCJAC0001,011003,1934,06,89.3,Y
IDCJAC0001,011003,1934,07,28.6,Y
IDCJAC0001,011003,1934,08,22.9,Y
IDCJAC0001,011003,1934,09,12.8,Y
IDCJAC0001,011003,1934,10,17.5,Y
IDCJAC0001,011003,1934,11,14.2,Y
IDCJAC0001,011003,1934,12,1.6,Y
IDCJAC0001,011003,1935,01,6.0,Y
IDCJAC0001,011003,1935,02,12.0,Y
IDCJAC0001,011003,1935,03,97.0,Y
IDCJAC0001,011003,1935,04,20.4,Y
IDCJAC0001,011003,1935,05,8.7,Y
IDCJAC0001,011003,1935,06,25.9,Y
IDCJAC0001,011003,1935,07,44.4,Y
IDCJAC0001,011003,1935,08,15.6,Y
IDCJAC0001,011003,1935,09,31.1,Y
IDCJAC0001,011003,1935,10,66.0,Y
IDCJAC0001,011003,1935,11,12.8,Y
IDCJAC0001,011003,1935,12,12.4,Y
IDCJAC0001,011003,1936,01,4.1,Y
IDCJAC0001,011003,1936,02,13.0,Y
IDCJAC0001,011003,1936,03,0.9,Y
IDCJAC0001,011003,1936,04,8.6,Y
IDCJAC0001,011003,1936,05,14.8,Y
IDCJAC0001,011003,1936,06,30.6,Y
IDCJAC0001,011003,1936,07,51.7,Y
IDCJAC0001,011003,1936,08,24.1,Y
IDCJAC0001,011003,1936,09,4.6,Y
IDCJAC0001,011003,1936,10,32.4,Y
IDCJAC0001,011003,1936,11,23.4,Y
IDCJAC0001,011003,1936,12,9.5,Y
IDCJAC0001,011003,1937,01,6.4,Y
IDCJAC0001,011003,1937,02,6.6,Y
IDCJAC0001,011003,1937,03,19.2,Y
IDCJAC0001,011003,1937,04,22.3,Y
IDCJAC0001,011003,1937,05,28.0,Y
IDCJAC0001,011003,1937,06,33.2,Y
IDCJAC0001,011003,1937,07,14.4,Y
IDCJAC0001,011003,1937,08,14.2,Y
IDCJAC0001,011003,1937,09,12.7,Y
IDCJAC0001,011003,1937,10,13.3,Y
IDCJAC0001,011003,1937,11,33.8,Y
IDCJAC0001,011003,1937,12,26.5,Y
IDCJAC0001,011003,1938,01,12.5,Y
IDCJAC0001,011003,1938,02,8.9,Y
IDCJAC0001,011003,1938,03,4.3,Y
IDCJAC0001,011003,1938,04,27.0,Y
IDCJAC0001,011003,1938,05,46.6,Y
IDCJAC0001,011003,1938,06,24.5,Y
IDCJAC0001,011003,1938,07,21.8,Y
IDCJAC0001,011003,1938,08,16.1,Y
IDCJAC0001,011003,1938,09,6.6,Y
IDCJAC0001,011003,1938,10,6.4,Y
IDCJAC0001,011003,1938,11,1.3,Y
IDCJAC0001,011003,1938,12,7.2,Y
IDCJAC0001,011003,1939,01,10.5,Y
IDCJAC0001,011003,1939,02,7.4,Y
IDCJAC0001,011003,1939,03,18.9,Y
IDCJAC0001,011003,1939,04,1.3,Y
IDCJAC0001,011003,1939,05,28.2,Y
IDCJAC0001,011003,1939,06,11.0,Y
IDCJAC0001,011003,1939,07,26.6,Y
IDCJAC0001,011003,1939,08,35.6,Y
IDCJAC0001,011003,1939,09,2.2,Y
IDCJAC0001,011003,1939,10,26.1,Y
IDCJAC0001,011003,1939,11,28.8,Y
IDCJAC0001,011003,1939,12,0.8,Y
IDCJAC0001,011003,1940,01,34.1,Y
IDCJAC0001,011003,1940,02,27.4,Y
IDCJAC0001,011003,1940,03,8.1,Y
IDCJAC0001,011003,1940,04,13.5,Y
IDCJAC0001,011003,1940,05,14.6,Y
IDCJAC0001,011003,1940,06,6.1,Y
IDCJAC0001,011003,1940,07,35.2,Y
IDCJAC0001,011003,1940,08,4.3,Y
IDCJAC0001,011003,1940,09,12.6,Y
IDCJAC0001,011003,1940,10,33.5,Y
IDCJAC0001,011003,1940,11,8.4,Y
IDCJAC0001,011003,1940,12,4.2,Y
IDCJAC0001,011003,1941,01,4.3,Y
IDCJAC0001,011003,1941,02,37.2,Y
IDCJAC0001,011003,1941,03,7.4,Y
IDCJAC0001,011003,1941,04,56.0,Y
IDCJAC0001,011003,1941,05,17.7,Y
IDCJAC0001,011003,1941,06,14.5,Y
IDCJAC0001,011003,1941,07,49.5,Y
IDCJAC0001,011003,1941,08,17.1,Y
IDCJAC0001,011003,1941,09,39.1,Y
IDCJAC0001,011003,1941,10,36.7,Y
IDCJAC0001,011003,1941,11,18.7,Y
IDCJAC0001,011003,1941,12,0.8,Y
IDCJAC0001,011003,1942,01,95.4,Y
IDCJAC0001,011003,1942,02,6.4,Y
IDCJAC0001,011003,1942,03,32.9,Y
IDCJAC0001,011003,1942,04,6.7,Y
IDCJAC0001,011003,1942,05,39.3,Y
IDCJAC0001,011003,1942,06,23.3,Y
IDCJAC0001,011003,1942,07,10.5,Y
IDCJAC0001,011003,1942,08,22.7,Y
IDCJAC0001,011003,1942,09,13.0,Y
IDCJAC0001,011003,1942,10,6.1,Y
IDCJAC0001,011003,1942,11,13.0,Y
IDCJAC0001,011003,1942,12,9.9,Y
IDCJAC0001,011003,1943,01,1.8,Y
IDCJAC0001,011003,1943,02,21.4,Y
IDCJAC0001,011003,1943,03,7.6,Y
IDCJAC0001,011003,1943,04,11.7,Y
IDCJAC0001,011003,1943,05,6.6,Y
IDCJAC0001,011003,1943,06,10.2,Y
IDCJAC0001,011003,1943,07,29.0,Y
IDCJAC0001,011003,1943,08,28.6,Y
IDCJAC0001,011003,1943,09,15.4,Y
IDCJAC0001,011003,1943,10,2.6,Y
IDCJAC0001,011003,1944,01,0.3,Y
IDCJAC0001,011003,1944,02,3.1,Y
IDCJAC0001,011003,1944,03,9.5,Y
IDCJAC0001,011003,1944,04,26.9,Y
IDCJAC0001,011003,1944,05,42.5,Y
IDCJAC0001,011003,1944,06,8.4,Y
IDCJAC0001,011003,1944,07,19.3,Y
IDCJAC0001,011003,1944,08,10.0,Y
IDCJAC0001,011003,1944,09,15.1,Y
IDCJAC0001,011003,1944,10,3.6,Y
IDCJAC0001,011003,1944,11,33.6,Y
IDCJAC0001,011003,1944,12,40.4,Y
IDCJAC0001,011003,1945,01,40.9,Y
IDCJAC0001,011003,1945,02,14.8,Y
IDCJAC0001,011003,1945,03,12.0,Y
IDCJAC0001,011003,1945,04,2.9,Y
IDCJAC0001,011003,1945,05,24.9,Y
IDCJAC0001,011003,1945,06,15.8,Y
IDCJAC0001,011003,1945,07,15.0,Y
IDCJAC0001,011003,1945,08,18.4,Y
IDCJAC0001,011003,1945,09,17.5,Y
IDCJAC0001,011003,1945,10,2.9,Y
IDCJAC0001,011003,1945,11,24.3,Y
IDCJAC0001,011003,1945,12,115.6,Y
IDCJAC0001,011003,1946,01,49.1,Y
IDCJAC0001,011003,1946,02,100.7,Y
IDCJAC0001,011003,1946,03,17.5,Y
IDCJAC0001,011003,1946,04,28.3,Y
IDCJAC0001,011003,1946,05,9.5,Y
IDCJAC0001,011003,1946,06,51.2,Y
IDCJAC0001,011003,1946,07,13.8,Y
IDCJAC0001,011003,1947,02,33.1,Y
IDCJAC0001,011003,1947,03,37.9,Y
IDCJAC0001,011003,1947,04,30.1,Y
IDCJAC0001,011003,1947,05,25.2,Y
IDCJAC0001,011003,1947,06,3.4,Y
IDCJAC0001,011003,1947,07,13.8,Y
IDCJAC0001,011003,1947,08,56.7,Y
IDCJAC0001,011003,1947,09,40.1,Y
IDCJAC0001,011003,1947,10,43.7,Y
IDCJAC0001,011003,1947,11,12.8,Y
IDCJAC0001,011003,1947,12,4.8,Y
IDCJAC0001,011003,1948,01,2.6,Y
IDCJAC0001,011003,1948,02,14.8,Y
IDCJAC0001,011003,1948,03,2.8,Y
IDCJAC0001,011003,1948,04,9.0,Y
IDCJAC0001,011003,1948,05,10.2,Y
IDCJAC0001,011003,1948,06,15.3,Y
IDCJAC0001,011003,1948,07,18.2,Y
IDCJAC0001,011003,1948,08,14.0,Y
IDCJAC0001,011003,1948,09,4.4,Y
IDCJAC0001,011003,1948,10,26.7,Y
IDCJAC0001,011003,1948,11,29.6,Y
IDCJAC0001,011003,1948,12,3.5,Y
IDCJAC0001,011003,1949,01,3.4,Y
IDCJAC0001,011003,1949,02,27.9,Y
IDCJAC0001,011003,1949,03,1.8,Y
IDCJAC0001,011003,1949,04,12.6,Y
IDCJAC0001,011003,1949,05,84.8,Y
IDCJAC0001,011003,1949,06,12.2,Y
IDCJAC0001,011003,1949,07,7.6,Y
IDCJAC0001,011003,1949,08,13.7,Y
IDCJAC0001,011003,1949,09,19.3,Y
IDCJAC0001,011003,1949,10,29.9,Y
IDCJAC0001,011003,1949,11,20.4,Y
IDCJAC0001,011003,1949,12,11.3,Y
IDCJAC0001,011003,1950,01,11.2,Y
IDCJAC0001,011003,1950,02,9.8,Y
IDCJAC0001,011003,1950,03,14.3,Y
IDCJAC0001,011003,1950,04,12.6,Y
IDCJAC0001,011003,1950,05,29.9,Y
IDCJAC0001,011003,1950,06,10.0,Y
IDCJAC0001,011003,1950,07,18.5,Y
IDCJAC0001,011003,1950,08,27.7,Y
IDCJAC0001,011003,1950,09,4.6,Y
IDCJAC0001,011003,1950,10,34.0,Y
IDCJAC0001,011003,1950,11,8.7,Y
IDCJAC0001,011003,1950,12,7.4,Y
IDCJAC0001,011003,1951,01,1.6,Y
IDCJAC0001,011003,1951,02,2.1,Y
IDCJAC0001,011003,1951,03,22.6,Y
IDCJAC0001,011003,1951,04,55.9,Y
IDCJAC0001,011003,1951,05,44.1,Y
IDCJAC0001,011003,1951,06,21.8,Y
IDCJAC0001,011003,1951,07,42.7,Y
IDCJAC0001,011003,1951,08,41.0,Y
IDCJAC0001,011003,1951,09,12.4,Y
IDCJAC0001,011003,1951,10,6.1,Y
IDCJAC0001,011003,1951,11,0.0,Y
IDCJAC0001,011003,1951,12,9.7,Y
IDCJAC0001,011003,1952,01,12.7,Y
IDCJAC0001,011003,1952,02,8.7,Y
IDCJAC0001,011003,1952,03,1.7,Y
IDCJAC0001,011003,1952,04,48.3,Y
IDCJAC0001,011003,1952,05,32.7,Y
IDCJAC0001,011003,1952,06,9.9,Y
IDCJAC0001,011003,1952,07,18.7,Y
IDCJAC0001,011003,1952,08,11.9,Y
IDCJAC0001,011003,1952,09,6.3,Y
IDCJAC0001,011003,1952,10,72.0,Y
IDCJAC0001,011003,1952,11,11.5,Y
IDCJAC0001,011003,1952,12,9.4,Y
IDCJAC0001,011003,1953,01,2.3,Y
IDCJAC0001,011003,1953,02,24.1,Y
IDCJAC0001,011003,1953,03,18.2,Y
IDCJAC0001,011003,1953,04,10.7,Y
IDCJAC0001,011003,1953,05,7.7,Y
IDCJAC0001,011003,1953,06,14.5,Y
IDCJAC0001,011003,1953,07,21.6,Y
IDCJAC0001,011003,1953,08,40.2,Y
IDCJAC0001,011003,1953,11,14.2,Y
IDCJAC0001,011003,1953,12,43.5,Y
IDCJAC0001,011003,1954,01,35.6,Y
IDCJAC0001,011003,1954,02,0.0,Y
IDCJAC0001,011003,1954,03,0.0,Y
IDCJAC0001,011003,1954,04,26.8,Y
IDCJAC0001,011003,1954,05,36.5,Y
IDCJAC0001,011003,1954,06,57.5,Y
IDCJAC0001,011003,1954,07,19.7,Y
IDCJAC0001,011003,1954,08,17.3,Y
IDCJAC0001,011003,1954,09,10.6,Y
IDCJAC0001,011003,1954,10,46.0,Y
IDCJAC0001,011003,1954,11,6.6,Y
IDCJAC0001,011003,1954,12,12.9,Y
IDCJAC0001,011003,1955,02,2.8,Y
IDCJAC0001,011003,1955,03,6.8,Y
IDCJAC0001,011003,1955,04,37.7,Y
IDCJAC0001,011003,1955,05,35.3,Y
IDCJAC0001,011003,1955,06,154.7,Y
IDCJAC0001,011003,1955,07,0.0,Y
IDCJAC0001,011003,1955,08,20.9,Y
IDCJAC0001,011003,1955,09,19.1,Y
IDCJAC0001,011003,1955,10,20.1,Y
IDCJAC0001,011003,1955,11,24.6,Y
IDCJAC0001,011003,1955,12,3.8,Y
IDCJAC0001,011003,1956,01,4.3,Y
IDCJAC0001,011003,1956,02,0.8,Y
IDCJAC0001,011003,1956,03,4.2,Y
IDCJAC0001,011003,1956,04,18.3,Y
IDCJAC0001,011003,1956,05,29.4,Y
IDCJAC0001,011003,1956,06,28.1,Y
IDCJAC0001,011003,1956,07,35.9,Y
IDCJAC0001,011003,1956,08,33.5,Y
IDCJAC0001,011003,1956,09,26.6,Y
IDCJAC0001,011003,1956,10,25.1,Y
IDCJAC0001,011003,1956,11,9.4,Y
IDCJAC0001,011003,1956,12,4.3,Y
IDCJAC0001,011003,1957,01,1.8,Y
IDCJAC0001,011003,1957,02,1.8,Y
IDCJAC0001,011003,1957,03,3.8,Y
IDCJAC0001,011003,1957,04,1.9,Y
IDCJAC0001,011003,1957,05,3.4,Y
IDCJAC0001,011003,1957,06,31.3,Y
IDCJAC0001,011003,1957,07,18.8,Y
IDCJAC0001,011003,1957,08,19.7,Y
IDCJAC0001,011003,1957,09,9.4,Y
IDCJAC0001,011003,1957,10,1.8,Y
IDCJAC0001,011003,1957,11,0.5,Y
IDCJAC0001,011003,1957,12,26.2,Y
IDCJAC0001,011003,1958,02,0.5,Y
IDCJAC0001,011003,1958,03,17.4,Y
IDCJAC0001,011003,1958,04,14.0,Y
IDCJAC0001,011003,1958,05,23.8,Y
IDCJAC0001,011003,1958,06,51.5,Y
IDCJAC0001,011003,1958,07,27.4,Y
IDCJAC0001,011003,1958,08,82.0,Y
IDCJAC0001,011003,1958,09,37.3,Y
IDCJAC0001,011003,1958,10,12.0,Y
IDCJAC0001,011003,1958,11,6.7,Y
IDCJAC0001,011003,1958,12,2.1,Y
IDCJAC0001,011003,1959,01,3.8,Y
IDCJAC0001,011003,1959,02,10.2,Y
IDCJAC0001,011003,1959,03,4.6,Y
IDCJAC0001,011003,1959,04,12.3,Y
IDCJAC0001,011003,1959,05,17.7,Y
IDCJAC0001,011003,1959,06,44.2,Y
IDCJAC0001,011003,1959,07,16.2,Y
IDCJAC0001,011003,1959,08,3.1,Y
IDCJAC0001,011003,1959,09,28.8,Y
IDCJAC0001,011003,1959,10,14.1,Y
IDCJAC0001,011003,1959,11,19.3,Y
IDCJAC0001,011003,1959,12,19.1,Y
IDCJAC0001,011003,1960,01,53.3,Y
IDCJAC0001,011003,1960,02,182.1,Y
IDCJAC0001,011003,1960,03,4.2,Y
IDCJAC0001,011003,1960,04,46.6,Y
IDCJAC0001,011003,1960,05,19.7,Y
IDCJAC0001,011003,1960,06,14.3,Y
IDCJAC0001,011003,1960,07,28.7,Y
IDCJAC0001,011003,1960,08,19.9,Y
IDCJAC0001,011003,1960,09,33.7,Y
IDCJAC0001,011003,1960,10,5.4,Y
IDCJAC0001,011003,1960,11,9.9,Y
IDCJAC0001,011003,1960,12,2.1,Y
IDCJAC0001,011003,1961,01,1.6,Y
IDCJAC0001,011003,1961,02,19.3,Y
IDCJAC0001,011003,1961,03,4.1,Y
IDCJAC0001,011003,1961,04,63.3,Y
IDCJAC0001,011003,1961,05,17.0,Y
IDCJAC0001,011003,1961,06,14.3,Y
IDCJAC0001,011003,1961,07,17.3,Y
IDCJAC0001,011003,1961,08,20.6,Y
IDCJAC0001,011003,1961,09,4.3,Y
IDCJAC0001,011003,1961,10,1.1,Y
IDCJAC0001,011003,1961,11,2.1,Y
IDCJAC0001,011003,1961,12,1.8,Y
IDCJAC0001,011003,1962,01,7.6,Y
IDCJAC0001,011003,1962,02,34.8,Y
IDCJAC0001,011003,1962,03,50.5,Y
IDCJAC0001,011003,1962,04,14.0,Y
IDCJAC0001,011003,1962,05,37.5,Y
IDCJAC0001,011003,1962,06,14.7,Y
IDCJAC0001,011003,1962,07,19.7,Y
IDCJAC0001,011003,1962,08,11.7,Y
IDCJAC0001,011003,1962,09,56.0,Y
IDCJAC0001,011003,1962,10,55.5,Y
IDCJAC0001,011003,1962,12,9.0,Y
IDCJAC0001,011003,1963,02,11.9,Y
IDCJAC0001,011003,1963,03,10.5,Y
IDCJAC0001,011003,1963,04,22.9,Y
IDCJAC0001,011003,1963,05,23.6,Y
IDCJAC0001,011003,1963,06,45.4,Y
IDCJAC0001,011003,1963,07,29.8,Y
IDCJAC0001,011003,1963,08,20.7,Y
IDCJAC0001,011003,1963,09,4.5,Y
IDCJAC0001,011003,1963,10,0.5,Y
IDCJAC0001,011003,1963,11,3.3,Y
IDCJAC0001,011003,1963,12,16.5,Y
IDCJAC0001,011003,1964,01,4.1,Y
IDCJAC0001,011003,1964,02,4.3,Y
IDCJAC0001,011003,1964,03,2.8,Y
IDCJAC0001,011003,1964,04,70.3,Y
IDCJAC0001,011003,1964,05,24.9,Y
IDCJAC0001,011003,1964,06,23.3,Y
IDCJAC0001,011003,1964,07,36.8,Y
IDCJAC0001,011003,1964,09,56.1,Y
IDCJAC0001,011003,1964,10,15.2,Y
IDCJAC0001,011003,1964,11,26.8,Y
IDCJAC0001,011003,1964,12,15.7,Y
IDCJAC0001,011003,1965,01,0.6,Y
IDCJAC0001,011003,1965,02,2.6,Y
IDCJAC0001,011003,1965,03,0.5,Y
IDCJAC0001,011003,1965,04,6.9,Y
IDCJAC0001,011003,1965,05,25.3,Y
IDCJAC0001,011003,1965,06,61.2,Y
IDCJAC0001,011003,1965,07,15.5,Y
IDCJAC0001,011003,1965,08,21.5,Y
IDCJAC0001,011003,1965,09,13.3,Y
IDCJAC0001,011003,1965,10,6.6,Y
IDCJAC0001,011003,1965,11,9.1,Y
IDCJAC0001,011003,1965,12,8.1,Y
IDCJAC0001,011003,1966,01,11.5,Y
IDCJAC0001,011003,1966,02,10.1,Y
IDCJAC0001,011003,1966,03,19.1,Y
IDCJAC0001,011003,1966,04,13.4,Y
IDCJAC0001,011003,1966,05,49.1,Y
IDCJAC0001,011003,1966,06,50.1,Y
IDCJAC0001,011003,1966,07,11.7,Y
IDCJAC0001,011003,1966,08,27.5,Y
IDCJAC0001,011003,1966,09,29.0,Y
IDCJAC0001,011003,1966,10,23.9,Y
IDCJAC0001,011003,1966,11,17.4,Y
IDCJAC0001,011003,1966,12,57.7,Y
IDCJAC0001,011003,1967,01,84.3,Y
IDCJAC0001,011003,1967,02,61.9,Y
IDCJAC0001,011003,1967,03,23.6,Y
IDCJAC0001,011003,1967,04,9.9,Y
IDCJAC0001,011003,1967,05,23.1,Y
IDCJAC0001,011003,1967,06,12.4,Y
IDCJAC0001,011003,1967,07,42.5,Y
IDCJAC0001,011003,1967,08,21.3,Y
IDCJAC0001,011003,1967,09,7.3,Y
IDCJAC0001,011003,1967,10,43.4,Y
IDCJAC0001,011003,1967,11,25.7,Y
IDCJAC0001,011003,1967,12,0.0,Y
IDCJAC0001,011003,1968,01,0.0,Y
IDCJAC0001,011003,1968,02,20.6,Y
IDCJAC0001,011003,1968,03,97.2,Y
IDCJAC0001,011003,1968,04,41.3,Y
IDCJAC0001,011003,1968,05,38.1,Y
IDCJAC0001,011003,1968,06,94.5,Y
IDCJAC0001,011003,1968,07,25.2,Y
IDCJAC0001,011003,1968,08,29.0,Y
IDCJAC0001,011003,1968,09,17.5,Y
IDCJAC0001,011003,1968,10,5.6,Y
IDCJAC0001,011003,1968,11,6.8,Y
IDCJAC0001,011003,1968,12,29.4,Y
IDCJAC0001,011003,1969,01,44.5,Y
IDCJAC0001,011003,1969,02,11.6,Y
IDCJAC0001,011003,1969,03,30.6,Y
IDCJAC0001,011003,1969,04,7.7,Y
IDCJAC0001,011003,1969,05,43.8,Y
IDCJAC0001,011003,1969,06,45.6,Y
IDCJAC0001,011003,1969,07,22.5,Y
IDCJAC0001,011003,1969,08,30.3,Y
IDCJAC0001,011003,1969,09,24.7,Y
IDCJAC0001,011003,1969,10,8.5,Y
IDCJAC0001,011003,1969,11,2.3,Y
IDCJAC0001,011003,1969,12,0.9,Y
IDCJAC0001,011003,1970,01,1.3,Y
IDCJAC0001,011003,1970,02,1.3,Y
IDCJAC0001,011003,1970,03,4.4,Y
IDCJAC0001,011003,1970,04,23.8,Y
IDCJAC0001,011003,1970,05,26.2,Y
IDCJAC0001,011003,1970,06,14.2,Y
IDCJAC0001,011003,1970,07,16.0,Y
IDCJAC0001,011003,1970,08,40.3,Y
IDCJAC0001,011003,1970,09,41.6,Y
IDCJAC0001,011003,1970,10,8.2,Y
IDCJAC0001,011003,1970,11,6.9,Y
IDCJAC0001,011003,1970,12,14.2,Y
IDCJAC0001,011003,1971,01,4.3,Y
IDCJAC0001,011003,1971,02,4.1,Y
IDCJAC0001,011003,1971,03,21.8,Y
IDCJAC0001,011003,1971,04,35.4,Y
IDCJAC0001,011003,1971,05,11.2,Y
IDCJAC0001,011003,1971,06,22.8,Y
IDCJAC0001,011003,1971,07,19.0,Y
IDCJAC0001,011003,1971,08,26.4,Y
IDCJAC0001,011003,1971,09,13.5,Y
IDCJAC0001,011003,1971,10,3.7,Y
IDCJAC0001,011003,1971,11,24.0,Y
IDCJAC0001,011003,1971,12,9.1,Y
IDCJAC0001,011003,1972,01,18.9,Y
IDCJAC0001,011003,1972,02,15.4,Y
IDCJAC0001,011003,1972,03,0.3,Y
IDCJAC0001,011003,1972,04,13.5,Y
IDCJAC0001,011003,1972,05,1.2,Y
IDCJAC0001,011003,1972,06,12.4,Y
IDCJAC0001,011003,1972,07,23.5,Y
IDCJAC0001,011003,1972,08,25.3,Y
IDCJAC0001,011003,1972,09,10.3,Y
IDCJAC0001,011003,1972,10,10.2,Y
IDCJAC0001,011003,1972,11,5.6,Y
IDCJAC0001,011003,1972,12,6.9,Y
IDCJAC0001,011003,1973,01,8.8,Y
IDCJAC0001,011003,1973,02,3.1,Y
IDCJAC0001,011003,1973,03,65.5,Y
IDCJAC0001,011003,1973,04,21.3,Y
IDCJAC0001,011003,1973,05,39.7,Y
IDCJAC0001,011003,1973,06,38.3,Y
IDCJAC0001,011003,1973,07,33.8,Y
IDCJAC0001,011003,1973,08,72.4,Y
IDCJAC0001,011003,1973,09,42.1,Y
IDCJAC0001,011003,1973,10,18.1,Y
IDCJAC0001,011003,1973,11,28.7,Y
IDCJAC0001,011003,1973,12,9.2,Y
IDCJAC0001,011003,1974,01,5.6,Y
IDCJAC0001,011003,1974,02,20.3,Y
IDCJAC0001,011003,1974,03,8.4,Y
IDCJAC0001,011003,1974,04,73.0,Y
IDCJAC0001,011003,1974,05,69.5,Y
IDCJAC0001,011003,1974,06,30.8,Y
IDCJAC0001,011003,1974,07,46.6,Y
IDCJAC0001,011003,1974,08,25.6,Y
IDCJAC0001,011003,1974,09,54.8,Y
IDCJAC0001,011003,1974,10,31.0,Y
IDCJAC0001,011003,1974,11,22.8,Y
IDCJAC0001,011003,1974,12,2.0,Y
IDCJAC0001,011003,1975,01,0.4,Y
IDCJAC0001,011003,1975,02,0.0,Y
IDCJAC0001,011003,1975,03,21.0,Y
IDCJAC0001,011003,1975,04,31.2,Y
IDCJAC0001,011003,1975,05,16.0,Y
IDCJAC0001,011003,1976,10,22.3,Y
IDCJAC0001,011003,1976,11,47.5,Y
IDCJAC0001,011003,1976,12,1.0,Y
IDCJAC0001,011003,1977,01,0.8,Y
IDCJAC0001,011003,1977,02,19.8,Y
IDCJAC0001,011003,1977,03,0.7,Y
IDCJAC0001,011003,1977,04,23.0,Y
IDCJAC0001,011003,1977,05,104.1,Y
IDCJAC0001,011003,1977,06,6.0,Y
IDCJAC0001,011003,1977,07,25.7,Y
IDCJAC0001,011003,1977,08,31.0,Y
IDCJAC0001,011003,1977,09,30.2,Y
IDCJAC0001,011003,1977,10,2.2,Y
IDCJAC0001,011003,1977,11,10.7,Y
IDCJAC0001,011003,1977,12,19.2,Y
IDCJAC0001,011003,1978,01,15.8,Y
IDCJAC0001,011003,1978,02,15.6,Y
IDCJAC0001,011003,1978,03,6.9,Y
IDCJAC0001,011003,1978,04,16.4,Y
IDCJAC0001,011003,1978,05,25.4,Y
IDCJAC0001,011003,1978,06,15.9,Y
IDCJAC0001,011003,1978,07,71.8,Y
IDCJAC0001,011003,1978,08,72.4,Y
IDCJAC0001,011003,1978,09,63.0,Y
IDCJAC0001,011003,1978,10,19.2,Y
IDCJAC0001,011003,1978,11,44.5,Y
IDCJAC0001,011003,1978,12,10.8,Y
IDCJAC0001,011003,1979,01,0.0,Y
IDCJAC0001,011003,1979,02,11.3,Y
IDCJAC0001,011003,1979,03,12.0,Y
IDCJAC0001,011003,1979,04,10.2,Y
IDCJAC0001,011003,1979,05,46.2,Y
IDCJAC0001,011003,1979,06,12.2,Y
IDCJAC0001,011003,1979,07,14.2,Y
IDCJAC0001,011003,1979,08,34.6,Y
IDCJAC0001,011003,1979,09,63.6,Y
IDCJAC0001,011003,1979,10,2.8,Y
IDCJAC0001,011003,1979,11,41.0,Y
IDCJAC0001,011003,1979,12,5.6,Y
IDCJAC0001,011003,1980,01,3.0,Y
IDCJAC0001,011003,1980,02,9.0,Y
IDCJAC0001,011003,1980,03,0.4,Y
IDCJAC0001,011003,1980,04,35.2,Y
IDCJAC0001,011003,1980,05,30.8,Y
IDCJAC0001,011003,1980,06,60.4,Y
IDCJAC0001,011003,1980,07,40.6,Y
IDCJAC0001,011003,1980,08,19.4,Y
IDCJAC0001,011003,1980,09,4.2,Y
IDCJAC0001,011003,1980,10,18.6,Y
IDCJAC0001,011003,1980,11,49.6,Y
IDCJAC0001,011003,1980,12,4.0,Y
IDCJAC0001,011003,1981,01,0.6,Y
IDCJAC0001,011003,1981,02,107.7,Y
IDCJAC0001,011003,1981,03,19.8,Y
IDCJAC0001,011003,1981,04,2.4,Y
IDCJAC0001,011003,1981,05,60.6,Y
IDCJAC0001,011003,1981,06,46.4,Y
IDCJAC0001,011003,1981,07,25.6,Y
IDCJAC0001,011003,1981,08,21.3,Y
IDCJAC0001,011003,1981,09,0.0,Y
IDCJAC0001,011003,1981,10,9.6,Y
IDCJAC0001,011003,1981,11,38.4,Y
IDCJAC0001,011003,1981,12,2.4,Y
IDCJAC0001,011003,1982,01,8.6,Y
IDCJAC0001,011003,1982,02,35.3,Y
IDCJAC0001,011003,1982,03,44.0,Y
IDCJAC0001,011003,1982,04,29.0,Y
IDCJAC0001,011003,1982,05,38.8,Y
IDCJAC0001,011003,1982,06,14.4,Y
IDCJAC0001,011003,1982,07,13.3,Y
IDCJAC0001,011003,1982,08,3.2,Y
IDCJAC0001,011003,1982,09,41.0,Y
IDCJAC0001,011003,1982,10,14.0,Y
IDCJAC0001,011003,1982,11,6.4,Y
IDCJAC0001,011003,1982,12,22.6,Y
IDCJAC0001,011003,1983,01,3.7,Y
IDCJAC0001,011003,1983,02,11.6,Y
IDCJAC0001,011003,1983,03,96.5,Y
IDCJAC0001,011003,1983,04,59.9,Y
IDCJAC0001,011003,1983,05,29.0,Y
IDCJAC0001,011003,1983,06,17.7,Y
IDCJAC0001,011003,1983,07,31.6,Y
IDCJAC0001,011003,1983,08,16.3,Y
IDCJAC0001,011003,1983,09,8.2,Y
IDCJAC0001,011003,1983,10,21.6,Y
IDCJAC0001,011003,1983,11,10.9,Y
IDCJAC0001,011003,1983,12,82.2,Y
IDCJAC0001,011003,1984,01,3.8,Y
IDCJAC0001,011003,1984,02,2.0,Y
IDCJAC0001,011003,1984,03,24.2,Y
IDCJAC0001,011003,1984,04,11.6,Y
IDCJAC0001,011003,1984,05,8.0,Y
IDCJAC0001,011003,1984,06,2.4,Y
IDCJAC0001,011003,1984,07,82.6,Y
IDCJAC0001,011003,1984,08,51.6,Y
IDCJAC0001,011003,1984,09,71.6,Y
IDCJAC0001,011003,1984,10,19.5,Y
IDCJAC0001,011003,1984,11,3.5,Y
IDCJAC0001,011003,1984,12,5.2,Y
IDCJAC0001,011003,1985,01,3.0,Y
IDCJAC0001,011003,1985,02,3.5,Y
IDCJAC0001,011003,1985,03,60.7,Y
IDCJAC0001,011003,1985,04,10.6,Y
IDCJAC0001,011003,1985,05,21.7,Y
IDCJAC0001,011003,1985,06,11.1,Y
IDCJAC0001,011003,1985,07,12.1,Y
IDCJAC0001,011003,1985,08,52.5,Y
IDCJAC0001,011003,1985,09,11.2,Y
IDCJAC0001,011003,1985,10,23.5,Y
IDCJAC0001,011003,1985,11,11.3,Y
IDCJAC0001,011003,1985,12,20.2,Y
IDCJAC0001,011003,1986,01,0.3,Y
IDCJAC0001,011003,1986,02,3.1,Y
IDCJAC0001,011003,1986,03,1.8,Y
IDCJAC0001,011003,1986,04,12.4,Y
IDCJAC0001,011003,1986,05,27.4,Y
IDCJAC0001,011003,1986,06,88.5,Y
IDCJAC0001,011003,1986,07,43.1,Y
IDCJAC0001,011003,1986,08,45.9,Y
IDCJAC0001,011003,1986,09,14.4,Y
IDCJAC0001,011003,1986,10,42.7,Y
IDCJAC0001,011003,1986,11,14.6,Y
IDCJAC0001,011003,1986,12,9.0,Y
IDCJAC0001,011003,1987,01,23.3,Y
IDCJAC0001,011003,1987,02,31.4,Y
IDCJAC0001,011003,1987,03,6.0,Y
IDCJAC0001,011003,1987,04,10.0,Y
IDCJAC0001,011003,1987,05,26.2,Y
IDCJAC0001,011003,1987,06,24.0,Y
IDCJAC0001,011003,1987,07,19.5,Y
IDCJAC0001,011003,1987,08,12.7,Y
IDCJAC0001,011003,1987,09,21.3,Y
IDCJAC0001,011003,1987,10,9.3,Y
IDCJAC0001,011003,1987,11,2.4,Y
IDCJAC0001,011003,1987,12,14.3,Y
IDCJAC0001,011003,1988,01,4.1,Y
IDCJAC0001,011003,1988,02,25.6,Y
IDCJAC0001,011003,1988,03,9.7,Y
IDCJAC0001,011003,1988,04,24.7,Y
IDCJAC0001,011003,1988,05,35.9,Y
IDCJAC0001,011003,1988,06,21.6,Y
IDCJAC0001,011003,1988,07,8.9,Y
IDCJAC0001,011003,1988,08,13.9,Y
IDCJAC0001,011003,1988,09,10.5,Y
IDCJAC0001,011003,1988,10,2.9,Y
IDCJAC0001,011003,1988,11,51.3,Y
IDCJAC0001,011003,1988,12,148.9,Y
IDCJAC0001,011003,1989,01,2.4,Y
IDCJAC0001,011003,1989,02,0.6,Y
IDCJAC0001,011003,1989,03,11.3,Y
IDCJAC0001,011003,1989,04,50.6,Y
IDCJAC0001,011003,1989,05,49.8,Y
IDCJAC0001,011003,1989,06,58.8,Y
IDCJAC0001,011003,1989,07,47.9,Y
IDCJAC0001,011003,1989,08,8.8,Y
IDCJAC0001,011003,1989,09,6.5,Y
IDCJAC0001,011003,1989,10,6.3,Y
IDCJAC0001,011003,1989,11,2.0,Y
IDCJAC0001,011003,1989,12,11.0,Y
IDCJAC0001,011003,1990,01,26.3,Y
IDCJAC0001,011003,1990,02,31.4,Y
IDCJAC0001,011003,1990,03,4.1,Y
IDCJAC0001,011003,1990,04,30.4,Y
IDCJAC0001,011003,1990,05,60.5,Y
IDCJAC0001,011003,1990,06,36.4,Y
IDCJAC0001,011003,1990,07,49.4,Y
IDCJAC0001,011003,1990,08,46.6,Y
IDCJAC0001,011003,1990,09,16.1,Y
IDCJAC0001,011003,1990,10,28.2,Y
IDCJAC0001,011003,1990,11,0.8,Y
IDCJAC0001,011003,1990,12,36.7,Y
IDCJAC0001,011003,1991,01,19.8,Y
IDCJAC0001,011003,1991,02,0.8,Y
IDCJAC0001,011003,1991,03,7.4,Y
IDCJAC0001,011003,1991,04,30.0,Y
IDCJAC0001,011003,1991,05,77.7,Y
IDCJAC0001,011003,1991,06,34.6,Y
IDCJAC0001,011003,1991,07,21.9,Y
IDCJAC0001,011003,1991,08,8.1,Y
IDCJAC0001,011003,1991,09,9.0,Y
IDCJAC0001,011003,1991,10,3.0,Y
IDCJAC0001,011003,1991,11,4.9,Y
IDCJAC0001,011003,1991,12,19.6,Y
IDCJAC0001,011003,1992,01,8.6,Y
IDCJAC0001,011003,1992,02,16.3,Y
IDCJAC0001,011003,1992,03,43.9,Y
IDCJAC0001,011003,1992,04,62.0,Y
IDCJAC0001,011003,1992,05,20.1,Y
IDCJAC0001,011003,1992,06,29.4,Y
IDCJAC0001,011003,1992,07,7.0,Y
IDCJAC0001,011003,1992,08,42.7,Y
IDCJAC0001,011003,1992,09,63.1,Y
IDCJAC0001,011003,1992,10,36.3,Y
IDCJAC0001,011003,1992,11,49.6,Y
IDCJAC0001,011003,1992,12,54.9,Y
IDCJAC0001,011003,1993,01,13.8,Y
IDCJAC0001,011003,1993,02,6.2,Y
IDCJAC0001,011003,1993,03,19.2,Y
IDCJAC0001,011003,1993,04,16.2,Y
IDCJAC0001,011003,1993,05,24.5,Y
IDCJAC0001,011003,1993,06,37.7,Y
IDCJAC0001,011003,1993,07,51.2,Y
IDCJAC0001,011003,1993,08,111.3,Y
IDCJAC0001,011003,1993,09,37.5,Y
IDCJAC0001,011003,1993,10,22.7,Y
IDCJAC0001,011003,1993,11,18.0,Y
IDCJAC0001,011003,1993,12,40.8,Y
IDCJAC0001,011003,1994,01,3.2,Y
IDCJAC0001,011003,1994,02,55.0,Y
IDCJAC0001,011003,1994,03,7.2,Y
IDCJAC0001,011003,1994,04,1.6,Y
IDCJAC0001,011003,1994,05,19.3,Y
IDCJAC0001,011003,1994,06,23.3,Y
IDCJAC0001,011003,1994,07,16.2,Y
IDCJAC0001,011003,1994,08,6.4,Y
IDCJAC0001,011003,1994,09,3.2,Y
IDCJAC0001,011003,1994,10,10.6,Y
IDCJAC0001,011003,1994,11,27.0,Y
IDCJAC0001,011003,1994,12,119.1,Y
IDCJAC0001,011003,1995,01,10.4,Y
IDCJAC0001,011003,1995,02,10.0,Y
IDCJAC0001,011003,1995,03,82.2,Y
IDCJAC0001,011003,1995,04,49.0,Y
IDCJAC0001,011003,1995,05,31.0,Y
IDCJAC0001,011003,1995,06,26.2,Y
IDCJAC0001,011003,1995,07,16.0,Y
IDCJAC0001,011003,1995,08,11.4,Y
IDCJAC0001,011003,1995,09,55.6,Y
IDCJAC0001,011003,1995,10,13.4,Y
IDCJAC0001,011003,1995,11,14.2,Y
IDCJAC0001,011003,1995,12,15.0,Y
IDCJAC0001,011003,1996,01,4.6,Y
IDCJAC0001,011003,1996,02,3.0,Y
IDCJAC0001,011003,1996,03,23.0,Y
IDCJAC0001,011003,1996,04,46.0,Y
IDCJAC0001,011003,1996,05,12.0,Y
IDCJAC0001,011003,1996,06,36.4,Y
IDCJAC0001,011003,1996,07,42.4,Y
IDCJAC0001,011003,1996,08,24.0,Y
IDCJAC0001,011003,1996,09,38.4,Y
IDCJAC0001,011003,1996,10,6.8,Y
IDCJAC0001,011003,1996,11,11.6,Y
IDCJAC0001,011003,1996,12,5.2,Y
IDCJAC0001,011003,1997,01,8.4,Y
IDCJAC0001,011003,1997,02,1.8,Y
IDCJAC0001,011003,1997,03,23.2,Y
IDCJAC0001,011003,1997,04,4.0,Y
IDCJAC0001,011003,1997,05,62.2,Y
IDCJAC0001,011003,1997,06,12.2,Y
IDCJAC0001,011003,1997,07,13.2,Y
IDCJAC0001,011003,1997,08,25.4,Y
IDCJAC0001,011003,1997,09,36.6,Y
IDCJAC0001,011003,1997,10,23.8,Y
IDCJAC0001,011003,1997,11,16.6,Y
IDCJAC0001,011003,1997,12,54.8,Y
IDCJAC0001,011003,1998,01,2.2,Y
IDCJAC0001,011003,1998,02,1.0,Y
IDCJAC0001,011003,1998,03,12.0,Y
IDCJAC0001,011003,1998,04,36.0,Y
IDCJAC0001,011003,1998,05,21.2,Y
IDCJAC0001,011003,1998,06,37.4,Y
IDCJAC0001,011003,1998,07,63.4,Y
IDCJAC0001,011003,1998,08,12.8,Y
IDCJAC0001,011003,1998,09,18.2,Y
IDCJAC0001,011003,1998,10,15.0,Y
IDCJAC0001,011003,1998,11,14.2,Y
IDCJAC0001,011003,1998,12,17.6,Y
IDCJAC0001,011003,1999,01,9.0,Y
IDCJAC0001,011003,1999,02,47.2,Y
IDCJAC0001,011003,1999,03,33.2,Y
IDCJAC0001,011003,1999,04,14.8,Y
IDCJAC0001,011003,1999,05,7.0,Y
IDCJAC0001,011003,1999,06,12.0,Y
IDCJAC0001,011003,1999,07,17.2,Y
IDCJAC0001,011003,1999,08,15.4,Y
IDCJAC0001,011003,1999,09,38.4,Y
IDCJAC0001,011003,1999,10,53.2,Y
IDCJAC0001,011003,1999,11,53.0,Y
IDCJAC0001,011003,1999,12,35.2,Y
IDCJAC0001,011003,2000,01,82.8,Y
IDCJAC0001,011003,2000,02,9.0,Y
IDCJAC0001,011003,2000,03,96.4,Y
IDCJAC0001,011003,2000,04,24.4,Y
IDCJAC0001,011003,2000,05,19.0,Y
IDCJAC0001,011003,2000,06,29.0,Y
IDCJAC0001,011003,2000,07,28.8,Y
IDCJAC0001,011003,2000,08,52.4,Y
IDCJAC0001,011003,2000,09,10.0,Y
IDCJAC0001,011003,2000,10,17.6,Y
IDCJAC0001,011003,2000,11,27.2,Y
IDCJAC0001,011003,2000,12,8.6,Y
IDCJAC0001,011003,2001,01,4.8,Y
IDCJAC0001,011003,2001,02,20.8,Y
IDCJAC0001,011003,2001,03,27.2,Y
IDCJAC0001,011003,2001,04,3.4,Y
IDCJAC0001,011003,2001,05,48.0,Y
IDCJAC0001,011003,2001,06,103.4,Y
IDCJAC0001,011003,2001,07,11.8,Y
IDCJAC0001,011003,2001,08,37.0,Y
IDCJAC0001,011003,2001,09,42.6,Y
IDCJAC0001,011003,2001,10,23.4,Y
IDCJAC0001,011003,2001,11,44.8,Y
IDCJAC0001,011003,2001,12,56.6,Y
IDCJAC0001,011003,2002,01,10.2,Y
IDCJAC0001,011003,2002,02,9.8,Y
IDCJAC0001,011003,2002,03,8.6,Y
IDCJAC0001,011003,2002,04,85.0,Y
IDCJAC0001,011003,2002,05,16.0,Y
IDCJAC0001,011003,2002,06,15.8,Y
IDCJAC0001,011003,2002,07,7.4,Y
IDCJAC0001,011003,2002,08,18.8,Y
IDCJAC0001,011003,2002,09,1.8,Y
IDCJAC0001,011003,2002,10,2.4,Y
IDCJAC0001,011003,2002,11,47.6,Y
IDCJAC0001,011003,2002,12,56.4,Y
IDCJAC0001,011003,2003,01,39.6,Y
IDCJAC0001,011003,2003,02,24.0,Y
IDCJAC0001,011003,2003,03,4.0,Y
IDCJAC0001,011003,2003,04,17.0,Y
IDCJAC0001,011003,2003,05,8.8,Y
IDCJAC0001,011003,2003,06,15.6,Y
IDCJAC0001,011003,2003,07,22.6,Y
IDCJAC0001,011003,2003,08,42.4,Y
IDCJAC0001,011003,2003,09,28.8,Y
IDCJAC0001,011003,2003,10,20.6,Y
IDCJAC0001,011003,2003,11,19.2,Y
IDCJAC0001,011003,2003,12,14.6,Y
IDCJAC0001,011003,2004,01,9.0,Y
IDCJAC0001,011003,2004,02,19.3,Y
IDCJAC0001,011003,2004,03,49.3,Y
IDCJAC0001,011003,2004,04,32.6,Y
IDCJAC0001,011003,2004,05,43.8,Y
IDCJAC0001,011003,2004,06,40.6,Y
IDCJAC0001,011003,2004,07,28.2,Y
IDCJAC0001,011003,2004,08,34.8,Y
IDCJAC0001,011003,2004,09,36.6,Y
IDCJAC0001,011003,2004,10,1.8,Y
IDCJAC0001,011003,2004,11,68.0,Y
IDCJAC0001,011003,2004,12,15.0,Y
IDCJAC0001,011003,2005,01,3.6,Y
IDCJAC0001,011003,2005,02,0.8,Y
IDCJAC0001,011003,2005,03,12.2,Y
IDCJAC0001,011003,2005,04,14.2,Y
IDCJAC0001,011003,2005,05,10.0,Y
IDCJAC0001,011003,2005,06,33.4,Y
IDCJAC0001,011003,2005,07,20.0,Y
IDCJAC0001,011003,2005,08,36.2,Y
IDCJAC0001,011003,2005,09,39.2,Y
IDCJAC0001,011003,2005,10,9.6,Y
IDCJAC0001,011003,2005,11,9.6,Y
IDCJAC0001,011003,2005,12,54.2,Y
IDCJAC0001,011003,2006,01,120.8,Y
IDCJAC0001,011003,2006,02,32.0,Y
IDCJAC0001,011003,2006,03,52.8,Y
IDCJAC0001,011003,2006,04,56.0,Y
IDCJAC0001,011003,2006,05,14.8,Y
IDCJAC0001,011003,2006,06,19.4,Y
IDCJAC0001,011003,2006,07,82.0,Y
IDCJAC0001,011003,2006,08,18.2,Y
IDCJAC0001,011003,2006,09,5.8,Y
IDCJAC0001,011003,2006,10,11.8,Y
IDCJAC0001,011003,2006,11,3.0,Y
IDCJAC0001,011003,2006,12,23.2,Y
IDCJAC0001,011003,2007,01,3.8,Y
IDCJAC0001,011003,2007,02,1.2,Y
IDCJAC0001,011003,2007,03,44.2,Y
IDCJAC0001,011003,2007,04,41.8,Y
IDCJAC0001,011003,2007,05,24.4,Y
IDCJAC0001,011003,2007,06,64.2,Y
IDCJAC0001,011003,2007,07,6.4,Y
IDCJAC0001,011003,2007,08,42.6,Y
IDCJAC0001,011003,2007,09,4.2,Y
IDCJAC0001,011003,2007,10,20.8,Y
IDCJAC0001,011003,2007,11,6.2,Y
IDCJAC0001,011003,2007,12,26.4,Y
IDCJAC0001,011003,2008,01,7.2,Y
IDCJAC0001,011003,2008,02,20.6,Y
IDCJAC0001,011003,2008,03,13.6,Y
IDCJAC0001,011003,2008,04,42.2,Y
IDCJAC0001,011003,2008,05,11.6,Y
IDCJAC0001,011003,2008,06,60.0,Y
IDCJAC0001,011003,2008,07,26.0,Y
IDCJAC0001,011003,2008,08,13.2,Y
IDCJAC0001,011003,2008,09,5.2,Y
IDCJAC0001,011003,2008,10,29.6,Y
IDCJAC0001,011003,2008,11,61.6,Y
IDCJAC0001,011003,2008,12,33.0,Y
IDCJAC0001,011003,2009,01,1.8,Y
IDCJAC0001,011003,2009,02,2.4,Y
IDCJAC0001,011003,2009,03,49.8,Y
IDCJAC0001,011003,2009,04,29.8,Y
IDCJAC0001,011003,2009,05,29.0,Y
IDCJAC0001,011003,2009,06,40.6,Y
IDCJAC0001,011003,2009,07,21.4,Y
IDCJAC0001,011003,2009,08,32.2,Y
IDCJAC0001,011003,2009,09,30.8,Y
IDCJAC0001,011003,2009,10,10.2,Y
IDCJAC0001,011003,2009,11,2.6,Y
IDCJAC0001,011003,2009,12,38.4,Y
IDCJAC0001,011003,2010,01,6.4,Y
IDCJAC0001,011003,2010,02,5.6,Y
IDCJAC0001,011003,2010,03,44.0,N
IDCJAC0001,011003,2010,04,31.8,Y
IDCJAC0001,011003,2010,05,49.8,Y
IDCJAC0001,011003,2010,06,28.8,Y
IDCJAC0001,011003,2010,07,47.0,Y
IDCJAC0001,011003,2010,08,35.8,Y
IDCJAC0001,011003,2010,09,160.2,Y
IDCJAC0001,011003,2010,10,23.2,Y
IDCJAC0001,011003,2010,11,7.6,Y
IDCJAC0001,011003,2010,12,10.1,Y
IDCJAC0001,011003,2011,01,17.4,Y
IDCJAC0001,011003,2011,02,88.0,Y
IDCJAC0001,011003,2011,03,44.4,Y
IDCJAC0001,011003,2011,04,18.8,Y
IDCJAC0001,011003,2011,05,45.2,Y
IDCJAC0001,011003,2011,06,36.4,Y
IDCJAC0001,011003,2011,07,42.6,Y
IDCJAC0001,011003,2011,08,12.4,Y
IDCJAC0001,011003,2011,09,13.4,Y
IDCJAC0001,011003,2011,10,46.6,Y
IDCJAC0001,011003,2011,11,9.8,Y
IDCJAC0001,011003,2011,12,31.6,Y
IDCJAC0001,011003,2012,01,16.0,Y
IDCJAC0001,011003,2012,02,2.0,Y
IDCJAC0001,011003,2012,03,47.8,Y
IDCJAC0001,011003,2012,04,9.2,Y
IDCJAC0001,011003,2012,05,20.0,Y
IDCJAC0001,011003,2012,06,32.4,Y
IDCJAC0001,011003,2012,07,25.5,Y
IDCJAC0001,011003,2012,08,4.7,Y
IDCJAC0001,011003,2012,09,4.0,Y
IDCJAC0001,011003,2012,10,4.0,Y
IDCJAC0001,011003,2012,11,16.6,Y
IDCJAC0001,011003,2012,12,46.8,Y
IDCJAC0001,011003,2013,01,8.2,Y
IDCJAC0001,011003,2013,02,4.2,Y
IDCJAC0001,011003,2013,03,45.6,Y
IDCJAC0001,011003,2013,04,33.4,Y
IDCJAC0001,011003,2013,05,25.6,Y
IDCJAC0001,011003,2013,06,14.6,Y
IDCJAC0001,011003,2013,07,29.8,Y
IDCJAC0001,011003,2013,08,2.6,Y
IDCJAC0001,011003,2013,09,42.8,Y
IDCJAC0001,011003,2013,10,8.4,Y
IDCJAC0001,011003,2013,11,31.0,Y
IDCJAC0001,011003,2013,12,8.2,Y
IDCJAC0001,011003,2014,01,92.0,N
IDCJAC0001,011003,2014,02,37.0,Y
IDCJAC0001,011003,2014,03,2.0,Y
IDCJAC0001,011003,2014,04,57.8,Y
IDCJAC0001,011003,2014,05,76.2,Y
IDCJAC0001,011003,2014,06,32.2,Y
IDCJAC0001,011003,2014,07,28.6,Y
IDCJAC0001,011003,2014,08,9.8,Y
IDCJAC0001,011003,2014,09,11.8,Y
IDCJAC0001,011003,2014,10,16.0,Y
IDCJAC0001,011003,2014,11,48.8,Y
IDCJAC0001,011003,2014,12,8.8,Y
IDCJAC0001,011003,2015,01,19.6,Y
IDCJAC0001,011003,2015,02,0.8,N
IDCJAC0001,011003,2015,03,22.0,N
IDCJAC0001,011003,2015,04,48.4,N
IDCJAC0001,011003,2015,05,18.0,N
IDCJAC0001,011003,2015,06,27.4,N
IDCJAC0001,011003,2015,07,23.2,N
IDCJAC0001,011003,2015,08,71.4,N
IDCJAC0001,011003,2015,09,13.4,N
IDCJAC0001,011003,2015,10,9.4,N
IDCJAC0001,011003,2015,11,26.0,N
IDCJAC0001,011003,2015,12,27.0,N
IDCJAC0001,011003,2016,01,7.8,N
IDCJAC0001,011003,2016,02,60.8,N
IDCJAC0001,011003,2016,03,34.2,N
